<?xml version="1.0" encoding="ISO-8859-1"?>
<!DOCTYPE metadata SYSTEM "http://www.fgdc.gov/metadata/fgdc-std-001-1998.dtd">
<metadata>
	<idinfo>
		<citation>
			<citeinfo>
				<origin>REQUIRED: The name of an organization or individual that developed the data set.</origin>
				<pubdate>REQUIRED: The date when the data set is published or otherwise made available for release.</pubdate>
				<title Sync="TRUE">ES_100K</title>
				<geoform Sync="TRUE">vector digital data</geoform>
				<onlink>\\CTECNGA\D$\GIS\Grids\Test\EEA10km_grid_fishnet_AT.shp</onlink>
				<ftname Sync="TRUE">ES_100K</ftname></citeinfo>
		</citation>
		<descript>
			<abstract>10km by 10km grid created using EEA fishnet tool in ETRS 89 LAEA 52 10 projection. The grid was clipped to a 20km buffer of the country extent- the country extent was based on using the data from EEAMapdata_5210_v2_3.  The table file attached associated with the document contains the starting point (the "0, 0 point") for the grid for each country along with the number of rows and columns used in the fishnet tool.  It should be noted that this generates a grid to that extent and will need to be edited to the extent of the country in question. 
http://www.eionet.europa.eu/gis/geographicinformationstandards.html</abstract>
			<purpose>EEA 10km by 10km grid for use in Article 17 reporting.</purpose>
			<supplinf>Created by using EEA fishnet tool and subsequently edited to country boundary.  All data supplied by EEA "EEAMapdata_5210_v2_3"</supplinf>
			<langdata Sync="TRUE">ca</langdata></descript>
		<timeperd>
			<timeinfo>
				<sngdate>
					<caldate>24/04/2007</caldate>
				</sngdate>
			</timeinfo>
			<current>ground condition</current>
		</timeperd>
		<status>
			<progress>Complete</progress>
			<update>As needed</update>
		</status>
		<spdom>
			<bounding>
				<westbc Sync="TRUE">-25.572849</westbc>
				<eastbc Sync="TRUE">6.727493</eastbc>
				<northbc Sync="TRUE">46.432069</northbc>
				<southbc Sync="TRUE">25.227053</southbc>
			</bounding>
			<lboundng><leftbc Sync="TRUE">1400000.000000</leftbc><rightbc Sync="TRUE">4000000.000000</rightbc><bottombc Sync="TRUE">800000.000000</bottombc><topbc Sync="TRUE">2600000.000000</topbc></lboundng></spdom>
		<keywords>
			<theme>
				<themekt>REQUIRED: Reference to a formally registered thesaurus or a similar authoritative source of theme keywords.</themekt>
				<themekey>EEA, 10km grid, ETRS89, LAEA 5210</themekey>
			</theme>
			<place>
				<placekey>Europe</placekey>
			</place>
		</keywords>
		<accconst>To be used in conjunction with the mapping of Article 17</accconst>
		<useconst>For use by data cordinators and their organisations involved in the Article 17 programme.</useconst>
		<ptcontac>
			<cntinfo>
				<cntperp>
					<cntper>Brian Mac Sharry</cntper>
					<cntorg>EEA-ETC/BD</cntorg>
				</cntperp>
				<cntpos>Spatial Data/GIS Officer</cntpos>
				<cntvoice>+33 1 40 79 35 63</cntvoice>
				<cntemail>mac-sharry@mnhn.fr</cntemail>
				<cntinst>http://biodiversity.eionet.europa.eu/</cntinst>
			</cntinfo>
		</ptcontac>
		<datacred>EEA</datacred>
		<native Sync="TRUE">Microsoft Windows XP Version 5.1 (Build 2600) Service Pack 2; ESRI ArcCatalog 9.1.0.722</native>
		<natvform Sync="TRUE">Shapefile</natvform></idinfo>
	<spdoinfo>
		<direct Sync="TRUE">Vector</direct>
		<ptvctinf>
			<sdtsterm Name="ES_100K">
				<sdtstype Sync="TRUE">G-polygon</sdtstype>
				<ptvctcnt Sync="TRUE">134</ptvctcnt>
			</sdtsterm>
			<esriterm Name="ES_100K"><efeatyp Sync="TRUE">Simple</efeatyp><efeageom Sync="TRUE">Polygon</efeageom><esritopo Sync="TRUE">FALSE</esritopo><efeacnt Sync="TRUE">134</efeacnt><spindex Sync="TRUE">TRUE</spindex><linrefer Sync="TRUE">FALSE</linrefer></esriterm></ptvctinf>
	</spdoinfo>
	<spref>
		<horizsys>
			<planar>
				<planci>
					<plance Sync="TRUE">coordinate pair</plance>
					<coordrep>
						<absres Sync="TRUE">0.004096</absres>
						<ordres Sync="TRUE">0.004096</ordres>
					</coordrep>
					<plandu Sync="TRUE">meters</plandu>
				</planci>
				<mapproj><mapprojn Sync="TRUE">Lambert Azimuthal Equal Area</mapprojn><lamberta><longpc Sync="TRUE">10.000000</longpc><latprjc Sync="TRUE">52.000000</latprjc><feast Sync="TRUE">4321000.000000</feast><fnorth Sync="TRUE">3210000.000000</fnorth></lamberta></mapproj></planar>
			<geodetic>
				<horizdn Sync="TRUE">D_ETRS_1989</horizdn>
				<ellips Sync="TRUE">Geodetic Reference System 80</ellips>
				<semiaxis Sync="TRUE">6378137.000000</semiaxis>
				<denflat Sync="TRUE">298.257222</denflat>
			</geodetic>
			<cordsysn><geogcsn Sync="TRUE">GCS_ETRS_1989</geogcsn><projcsn Sync="TRUE">ETRS_1989_LAEA</projcsn></cordsysn></horizsys>
	</spref>
	<eainfo>
		<detailed Name="ES_100K">
			<enttyp>
				<enttypl Sync="TRUE">ES_100K</enttypl>
				<enttypt Sync="TRUE">Feature Class</enttypt><enttypc Sync="TRUE">134</enttypc></enttyp>
			<attr>
				<attrlabl>FID</attrlabl>
				<attrdef>Internal feature number.</attrdef>
				<attrdefs>ESRI</attrdefs>
				<attrdomv>
					<udom>Sequential unique whole numbers that are automatically generated.</udom>
				</attrdomv>
			</attr>
			<attr>
				<attrlabl>Shape</attrlabl>
				<attrdef>Feature geometry.</attrdef>
				<attrdefs>ESRI</attrdefs>
				<attrdomv>
					<udom>Coordinates defining the features.</udom>
				</attrdomv>
			</attr>
			<attr>
				<attrlabl>CellCode</attrlabl>
				<attrtype Sync="TRUE">String</attrtype><attwidth Sync="TRUE">20</attwidth></attr>
			<attr>
				<attrlabl>EofOrigin</attrlabl>
				<attrtype Sync="TRUE">Number</attrtype><attwidth Sync="TRUE">19</attwidth><atnumdec Sync="TRUE">11</atnumdec></attr>
			<attr>
				<attrlabl>NofOrigin</attrlabl>
				<attrtype Sync="TRUE">Number</attrtype><attwidth Sync="TRUE">19</attwidth><atnumdec Sync="TRUE">11</atnumdec></attr>
		</detailed>
	</eainfo>
	<distinfo>
		<resdesc>Downloadable Data</resdesc>
		<stdorder>
			<digform>
				<digtinfo>
					<transize>0.124</transize>
					<dssize Sync="TRUE">0,017</dssize></digtinfo>
			</digform>
		</stdorder>
	</distinfo>
	<metainfo>
		<metd Sync="TRUE">20070709</metd>
		<metc>
			<cntinfo>
				<cntorgp>
					<cntorg>REQUIRED: The organization responsible for the metadata information.</cntorg>
					<cntper>REQUIRED: The person responsible for the metadata information.</cntper>
				</cntorgp>
				<cntaddr>
					<addrtype>REQUIRED: The mailing and/or physical address for the organization or individual.</addrtype>
					<city>REQUIRED: The city of the address.</city>
					<state>REQUIRED: The state or province of the address.</state>
					<postal>REQUIRED: The ZIP or other postal code of the address.</postal>
				</cntaddr>
				<cntvoice>REQUIRED: The telephone number by which individuals can speak to the organization or individual.</cntvoice>
			</cntinfo>
		</metc>
		<metstdn Sync="TRUE">FGDC Content Standards for Digital Geospatial Metadata</metstdn>
		<metstdv Sync="TRUE">FGDC-STD-001-1998</metstdv>
		<mettc Sync="TRUE">local time</mettc>
		<metextns>
			<onlink>http://www.esri.com/metadata/esriprof80.html</onlink>
			<metprof>ESRI Metadata Profile</metprof>
		</metextns>
		<langmeta Sync="TRUE">ca</langmeta><metextns><onlink Sync="TRUE">http://www.esri.com/metadata/esriprof80.html</onlink><metprof Sync="TRUE">ESRI Metadata Profile</metprof></metextns></metainfo>
	<Esri><MetaID>{D7F590E7-6D41-4661-9D50-11D504611031}</MetaID><CreaDate>20070424</CreaDate><CreaTime>14282600</CreaTime><SyncOnce>FALSE</SyncOnce><SyncDate>20070709</SyncDate><SyncTime>10592300</SyncTime><ModDate>20070709</ModDate><ModTime>10592300</ModTime></Esri><dataqual><lineage><procstep><procdesc Sync="TRUE">Metadata imported.</procdesc><srcused Sync="TRUE">C:\Documents and Settings\Brian\Mes documents\Brian\metadata.xml</srcused><date Sync="TRUE">20070424</date><time Sync="TRUE">14282600</time></procstep></lineage><logic>Country extent based on data from EEAMapdata_5210_v2_3.  </logic></dataqual><dataIdInfo><envirDesc Sync="TRUE">Microsoft Windows XP Version 5.1 (Build 2600) Service Pack 2; ESRI ArcCatalog 9.1.0.722</envirDesc><dataLang><languageCode Sync="TRUE" value="ca"></languageCode></dataLang><idCitation><resTitle Sync="TRUE">ES_100K</resTitle><presForm><PresFormCd Sync="TRUE" value="005"></PresFormCd></presForm><resRefData><refDate>20070619</refDate></resRefData><resEd>v1</resEd></idCitation><spatRpType><SpatRepTypCd Sync="TRUE" value="001"></SpatRepTypCd></spatRpType><dataExt><geoEle><GeoBndBox esriExtentType="native"><westBL Sync="TRUE">-25.572849</westBL><eastBL Sync="TRUE">6.727493</eastBL><northBL Sync="TRUE">46.432069</northBL><southBL Sync="TRUE">25.227053</southBL><exTypeCode Sync="TRUE">1</exTypeCode></GeoBndBox><westBL>-25,5728486736788</westBL><eastBL>6,72749336669289</eastBL><northBL>46,4320686375298</northBL><southBL>25,2270525156728</southBL></geoEle></dataExt><geoBox esriExtentType="decdegrees"><westBL Sync="TRUE">-25.572849</westBL><eastBL Sync="TRUE">6.727493</eastBL><northBL Sync="TRUE">46.432069</northBL><southBL Sync="TRUE">25.227053</southBL><exTypeCode Sync="TRUE">1</exTypeCode></geoBox><idAbs>100km by 100km grid created using EEA fishnet tool in ETRS 89 LAEA 52 10 projection.
The grid was selected from a grid of 50km of the country.</idAbs><tpCat><TopicCatCd value="010"></TopicCatCd></tpCat><idPoC><role value="003"></role><rpOrgName>European Environment Agency</rpOrgName><rpCntInfo><cntAdress><delPoint>Kongens Nytorv 6</delPoint><city>Copenhagen</city><adminArea>K</adminArea><postCode>1050</postCode><country>Denmark</country><eMailAdd>eea@eea.eu.int</eMailAdd></cntAdress></rpCntInfo></idPoC><descKeys><keyword>Grid</keyword></descKeys><dataScale><equScale><rfDenom>15.500.00</rfDenom></equScale><scaleDist>100000</scaleDist></dataScale></dataIdInfo><mdLang><languageCode Sync="TRUE" value="ca"></languageCode></mdLang><mdStanName>EEA-MSGI/ISO19115 (First Edition)</mdStanName><mdStanVer>1.1a</mdStanVer><mdChar><CharSetCd Sync="TRUE" value="004"></CharSetCd></mdChar><mdHrLv><ScopeCd Sync="TRUE" value="005"></ScopeCd></mdHrLv><mdHrLvName Sync="TRUE">dataset</mdHrLvName><distInfo><distributor><distorTran><onLineSrc><orDesc Sync="TRUE">002</orDesc><linkage Sync="TRUE">file://\\Etcte13\DataServer\ProjEnv\2007_Subvention\1_2_3_GIS_Support\Reference_grids\By country\ES\ES_100K.shp</linkage><protocol Sync="TRUE">Local Area Network</protocol></onLineSrc><transSize Sync="TRUE">0,017</transSize></distorTran><distorFormat><formatName Sync="TRUE">Shapefile</formatName></distorFormat></distributor></distInfo><mdDateSt>20070709</mdDateSt><refSysInfo><refSysName><identCode>ETRS_1989_LAEA</identCode></refSysName><datum><identCode>D_ETRS_1989</identCode></datum><ellipsoid><identCode>GRS_1980</identCode><semiMajAx>6378137</semiMajAx><axisUnits>Degrees</axisUnits><denFlatRat>3,35281068118232E-03</denFlatRat></ellipsoid><projection><latProjCnt></latProjCnt><stanParal></stanParal><identCode>Lambert_Azimuthal_Equal_Area</identCode><stanParal></stanParal><longCntMer>10</longCntMer><latProjOri>52</latProjOri><falEastng>4321000</falEastng><falNorthng>3210000</falNorthng><falENUnits>Meter</falENUnits><sclFacEqu></sclFacEqu><longProjCnt></longProjCnt></projection><RefSystem><refSysID><identCode Sync="TRUE">ETRS_1989_LAEA</identCode></refSysID></RefSystem></refSysInfo><spatRepInfo><VectSpatRep><topLvl><TopoLevCd Sync="TRUE" value="001"></TopoLevCd></topLvl><geometObjs Name="ES_100K"><geoObjTyp><GeoObjTypCd Sync="TRUE" value="001"></GeoObjTypCd></geoObjTyp><geoObjCnt Sync="TRUE">134</geoObjCnt></geometObjs></VectSpatRep></spatRepInfo><mdContact><rpOrgName>European Topic Centre on Land Use and Spatial Information (ETC-LUSI)</rpOrgName><rpCntInfo><cntAddress><delPoint>Autonomous University of Barcelona (UAB), Building C - Faculty of Sciences, Torre C5-S, 4th floor</delPoint><city>Bellaterra</city><adminArea>Barcelona</adminArea><postCode>E-08193</postCode><country>Spain</country><eMailAdd>etclusi@uab.es</eMailAdd></cntAddress></rpCntInfo><rpIndName>Francisco Domingues</rpIndName><role><RoleCd>007</RoleCd></role></mdContact><dqInfo><dataLineage><statement>This grid was created using EEA fishnet tool in ETRS 89 LAEA 52 10 projection and covers the country extend and Natura 2000 areas if applicable.
The grid was selected from a grid of 50km of the country.</statement></dataLineage><DataChgEEA>None</DataChgEEA></dqInfo><mdExtInfo><extEleInfo><extEleName>EEABriefAbstract</extEleName><extShortName>BrfAbsEEA</extShortName><extEleDef>Brief narrative summary of the content of the dataset (max. 100 characters)</extEleDef><eleDataType value="014"></eleDataType><extEleParEnt>Metadata/dataIdInfo/</extEleParEnt></extEleInfo><extEleInfo><extEleName>EEADatasetChanges</extEleName><extShortName>DataChgEEA</extShortName><extEleDef>Changes since last version of dataset</extEleDef><eleDataType value="014"></eleDataType><extEleParEnt>Metadata/dqInfo/</extEleParEnt></extEleInfo></mdExtInfo><mdConst><accessConsts><RestrictCd value="008"></RestrictCd></accessConsts><othConsts>EEA policy</othConsts></mdConst></metadata>
